attack_profile,feature_name,robust_median_shift_iqr
0125,log_iat_median,-2.240799026188754
0125,log_iat_p95,-3.883482343751148
0125,log_iat_mad,-0.07585928997862057
0125,log_iat_lag1_autocorrelation,-0.24697486867178456
0125,domain_host_rate_ratio,2.5624069582616253
0125,log_iat_mean,-1.8030381096884969
0125,log_iat_std,-0.759681250232395
0125,robust_log_iat_cv,0.3238279804808743
0125,repeated_gap_ratio_5pct,1.0
0125,normalized_iat_entropy_8,0.7596604834529769
0125,median_abs_successive_log_iat_change,-0.1597672942767361
0125,delta_log_iat_median_vs_previous_window,-0.008758113871599138
0125,delta_log_iat_p95_vs_previous_window,-0.13958133879331838
j1,log_iat_median,-3.6839362154248843
j1,log_iat_p95,-6.580867114146344
j1,log_iat_mad,-0.8659719529670986
j1,log_iat_lag1_autocorrelation,0.28369692404349967
j1,domain_host_rate_ratio,6.07164714703992
j1,log_iat_mean,-3.069945177689274
j1,log_iat_std,-1.1102303789311436
j1,robust_log_iat_cv,-0.4384911378882296
j1,repeated_gap_ratio_5pct,5.333333333333333
j1,normalized_iat_entropy_8,0.24311755807904875
j1,median_abs_successive_log_iat_change,-0.3597343462353056
j1,delta_log_iat_median_vs_previous_window,-0.4096416439927126
j1,delta_log_iat_p95_vs_previous_window,0.03670912352773771
j2,log_iat_median,-3.5955317228726216
j2,log_iat_p95,-6.444732580732121
j2,log_iat_mad,-0.782225736928833
j2,log_iat_lag1_autocorrelation,0.4073020570573155
j2,domain_host_rate_ratio,5.982866713152157
j2,log_iat_mean,-3.0862803763403446
j2,log_iat_std,-1.076675305413451
j2,robust_log_iat_cv,-0.29289053628157463
j2,repeated_gap_ratio_5pct,2.0
j2,normalized_iat_entropy_8,1.1167708280990076
j2,median_abs_successive_log_iat_change,-0.35759631220800947
j2,delta_log_iat_median_vs_previous_window,-0.018911868347999114
j2,delta_log_iat_p95_vs_previous_window,-0.3725474563317403
j3,log_iat_median,-3.553364342456633
j3,log_iat_p95,-6.539458329466547
j3,log_iat_mad,-0.8723196387938424
j3,log_iat_lag1_autocorrelation,0.28703639563166894
j3,domain_host_rate_ratio,6.162468510442344
j3,log_iat_mean,-3.0758913478053125
j3,log_iat_std,-1.1054787798753563
j3,robust_log_iat_cv,-0.4490625641606039
j3,repeated_gap_ratio_5pct,2.3333333333333335
j3,normalized_iat_entropy_8,0.8307858518504011
j3,median_abs_successive_log_iat_change,-0.3766107953260212
j3,delta_log_iat_median_vs_previous_window,0.07175130461892457
j3,delta_log_iat_p95_vs_previous_window,0.11145297640717385
new_s2_evaluation,log_iat_median,-0.45503405483538223
new_s2_evaluation,log_iat_p95,-1.2707399728676432
new_s2_evaluation,log_iat_mad,-0.03205257048324307
new_s2_evaluation,log_iat_lag1_autocorrelation,-0.243908566536981
new_s2_evaluation,domain_host_rate_ratio,-0.08275529256652464
new_s2_evaluation,log_iat_mean,0.2741296316186254
new_s2_evaluation,log_iat_std,-0.7252727976809322
new_s2_evaluation,robust_log_iat_cv,0.0066380625398634934
new_s2_evaluation,repeated_gap_ratio_5pct,1.0
new_s2_evaluation,normalized_iat_entropy_8,0.7596604834529769
new_s2_evaluation,median_abs_successive_log_iat_change,-0.14400856712864055
new_s2_evaluation,delta_log_iat_median_vs_previous_window,4.033826633857735e-6
new_s2_evaluation,delta_log_iat_p95_vs_previous_window,-0.13091557925994102
no_jitter,log_iat_median,-3.7950891558247024
no_jitter,log_iat_p95,-6.650522984116651
no_jitter,log_iat_mad,-1.04677630202864
no_jitter,log_iat_lag1_autocorrelation,0.29879467723264075
no_jitter,domain_host_rate_ratio,5.896059177795234
no_jitter,log_iat_mean,-3.07476279412232
no_jitter,log_iat_std,-1.1122685086149422
no_jitter,robust_log_iat_cv,-0.7468350850866742
no_jitter,repeated_gap_ratio_5pct,10.0
no_jitter,normalized_iat_entropy_8,-1.8986603250251028
no_jitter,median_abs_successive_log_iat_change,-0.3281072781426541
no_jitter,delta_log_iat_median_vs_previous_window,-0.0011122559855716505
no_jitter,delta_log_iat_p95_vs_previous_window,0.002805029245260756
s1,log_iat_median,-5.353567090354706
s1,log_iat_p95,-2.7388194300274535
s1,log_iat_mad,-0.7684333364472262
s1,log_iat_lag1_autocorrelation,0.15707473945693587
s1,domain_host_rate_ratio,5.687471506055755
s1,log_iat_mean,-4.50317211705902
s1,log_iat_std,-0.41414125360973414
s1,robust_log_iat_cv,1.210769141317693
s1,repeated_gap_ratio_5pct,1.0
s1,normalized_iat_entropy_8,-2.537468285871229
s1,median_abs_successive_log_iat_change,-0.32723229244140717
s1,delta_log_iat_median_vs_previous_window,-0.9283609273135413
s1,delta_log_iat_p95_vs_previous_window,9.460923313697963
s2_context_coupled_lowrate,log_iat_median,-0.2440196905843893
s2_context_coupled_lowrate,log_iat_p95,0.5713883917024
s2_context_coupled_lowrate,log_iat_mad,1.4519955360428936
s2_context_coupled_lowrate,log_iat_lag1_autocorrelation,-0.08680546047362739
s2_context_coupled_lowrate,domain_host_rate_ratio,-0.5724364993344876
s2_context_coupled_lowrate,log_iat_mean,-1.1679962801321733
s2_context_coupled_lowrate,log_iat_std,0.5498509789607338
s2_context_coupled_lowrate,robust_log_iat_cv,1.0428339242149123
s2_context_coupled_lowrate,repeated_gap_ratio_5pct,2.3333333333333335
s2_context_coupled_lowrate,normalized_iat_entropy_8,-0.726355976322158
s2_context_coupled_lowrate,median_abs_successive_log_iat_change,0.6781204126224181
s2_context_coupled_lowrate,delta_log_iat_median_vs_previous_window,-11.00201585577114
s2_context_coupled_lowrate,delta_log_iat_p95_vs_previous_window,3.5699988504345255
s2_second_attempt,log_iat_median,-1.3580154203697967
s2_second_attempt,log_iat_p95,-2.5853063185978526
s2_second_attempt,log_iat_mad,-0.047181782112972546
s2_second_attempt,log_iat_lag1_autocorrelation,-0.2443970085515
s2_second_attempt,domain_host_rate_ratio,1.411830192316196
s2_second_attempt,log_iat_mean,-0.7823242566372989
s2_second_attempt,log_iat_std,-0.7374070662257413
s2_second_attempt,robust_log_iat_cv,0.1447187866317594
s2_second_attempt,repeated_gap_ratio_5pct,1.0
s2_second_attempt,normalized_iat_entropy_8,0.7596604834529769
s2_second_attempt,median_abs_successive_log_iat_change,-0.15001108845378075
s2_second_attempt,delta_log_iat_median_vs_previous_window,0.008130384080854366
s2_second_attempt,delta_log_iat_p95_vs_previous_window,-0.1268660819972375
